{"cameraMode":{"drawMode":0,"name":"Shaded","section":"Shading Mode"},"sceneLighting":false,"audioPlay":false,"sceneViewState":{"showFog":true,"showMaterialUpdate":true,"showSkybox":false,"showFlares":true,"showImageEffects":true,"showParticleSystems":true,"showVisualEffectGraphs":true,"m_FxEnabled":true},"in2DMode":false,"pivot":{"x":-5.93065881729126,"y":0.473263680934906,"z":2.3453826904296877},"rotation":{"x":-0.0015182018978521228,"y":0.9856280088424683,"z":-0.16868214309215547,"w":-0.008870713412761689},"size":1.6225049495697022,"orthographic":false}