{"cameraMode":{"drawMode":0,"name":"Shaded","section":"Shading Mode"},"sceneLighting":false,"audioPlay":false,"sceneViewState":{"showFog":true,"showMaterialUpdate":true,"showSkybox":true,"showFlares":true,"showImageEffects":true,"showParticleSystems":true,"showVisualEffectGraphs":true,"m_FxEnabled":true},"in2DMode":false,"pivot":{"x":5.367733955383301,"y":18.84634780883789,"z":60.3753776550293},"rotation":{"x":0.0045404136180877689,"y":0.9907126426696777,"z":-0.13153895735740663,"w":0.034192994236946109},"size":11.925186157226563,"orthographic":true}